{
    "$schema": "https://schema.management.azure.com/schemas/2015-01-01/deploymentParameters.json#",
    "contentVersion": "1.0.0.0",
    "parameters": {
        "factoryName": {
            "value": "ADF-capstone-chaitanya"
        },
        "LS_capstone_blob_connectionString": {
            "value": "DefaultEndpointsProtocol=https;AccountName=chaitanyacapstoneblob;"
        },
        "LS_incrementalData_dataSource_connectionString": {
            "value": ""
        },
        "LS_datalake_target_incremental_accountKey": {
            "value": ""
        },
        "LS_kv_capstone_properties_typeProperties_baseUrl": {
            "value": "https://kv-adfadb.vault.azure.net/"
        },
        "LS_capstone_adb_properties_typeProperties_existingClusterId": {
            "value": "0911-111107-3sfo6f83"
        },
        "LS_capstone_datalake_properties_typeProperties_url": {
            "value": "https://chaitanyacapastonelake.dfs.core.windows.net/"
        },
        "LS_datalake_target_incremental_properties_typeProperties_url": {
            "value": "https://chaitanyacapastonelake.dfs.core.windows.net/"
        }
    }
}