{
    "$schema": "https://schema.management.azure.com/schemas/2015-01-01/deploymentParameters.json#",
    "contentVersion": "1.0.0.0",
    "parameters": {
        "vulnerabilityAssessments_Default_storageContainerPath": {
            "value": null
        },
        "connections_gmail_name": {
            "value": null
        },
        "vaults_kv_adfadb_name": {
            "value": null
        },
        "workflows_LG_capstone_name": {
            "value": null
        },
        "servers_sqlserver_capstone_name": {
            "value": null
        },
        "workspaces_databricks_capstone_name": {
            "value": null
        },
        "storageAccounts_chaitanyacapstoneblob_name": {
            "value": null
        },
        "storageAccounts_chaitanyacapastonelake_name": {
            "value": null
        },
        "systemTopics_chaitanyacapstoneblob_000132ba_89ae_4dc4_89c3_fb5e4889e9f2_name": {
            "value": null
        },
        "systemTopics_chaitanyacapastonelake_1931ff1d_6892_4c32_a4d3_3665575a5c76_name": {
            "value": null
        }
    }
}