{
    "$schema": "https://schema.management.azure.com/schemas/2019-04-01/deploymentTemplate.json#",
    "contentVersion": "1.0.0.0",
    "parameters": {
        "vulnerabilityAssessments_Default_storageContainerPath": {
            "type": "SecureString"
        },
        "connections_gmail_name": {
            "defaultValue": "gmail",
            "type": "String"
        },
        "vaults_kv_adfadb_name": {
            "defaultValue": "kv-adfadb",
            "type": "String"
        },
        "workflows_LG_capstone_name": {
            "defaultValue": "LG-capstone",
            "type": "String"
        },
        "servers_sqlserver_capstone_name": {
            "defaultValue": "sqlserver-capstone",
            "type": "String"
        },
        "workspaces_databricks_capstone_name": {
            "defaultValue": "databricks-capstone",
            "type": "String"
        },
        "storageAccounts_chaitanyacapstoneblob_name": {
            "defaultValue": "chaitanyacapstoneblob",
            "type": "String"
        },
        "storageAccounts_chaitanyacapastonelake_name": {
            "defaultValue": "chaitanyacapastonelake",
            "type": "String"
        },
        "systemTopics_chaitanyacapstoneblob_000132ba_89ae_4dc4_89c3_fb5e4889e9f2_name": {
            "defaultValue": "chaitanyacapstoneblob-000132ba-89ae-4dc4-89c3-fb5e4889e9f2",
            "type": "String"
        },
        "systemTopics_chaitanyacapastonelake_1931ff1d_6892_4c32_a4d3_3665575a5c76_name": {
            "defaultValue": "chaitanyacapastonelake-1931ff1d-6892-4c32-a4d3-3665575a5c76",
            "type": "String"
        }
    },
    "variables": {},
    "resources": [
        {
            "type": "Microsoft.Databricks/workspaces",
            "apiVersion": "2023-02-01",
            "name": "[parameters('workspaces_databricks_capstone_name')]",
            "location": "westus3",
            "tags": {
                "owner": "Chaitanya",
                "PROJECT": "Capstone"
            },
            "sku": {
                "name": "standard"
            },
            "properties": {
                "managedResourceGroupId": "[concat('/subscriptions/cde64d45-0c69-4975-840f-3446edb9e369/resourceGroups/databricks-rg-', parameters('workspaces_databricks_capstone_name'), '-y5jzzy4otuzhw')]",
                "parameters": {
                    "enableNoPublicIp": {
                        "type": "Bool",
                        "value": false
                    },
                    "natGatewayName": {
                        "type": "String",
                        "value": "nat-gateway"
                    },
                    "prepareEncryption": {
                        "type": "Bool",
                        "value": false
                    },
                    "publicIpName": {
                        "type": "String",
                        "value": "nat-gw-public-ip"
                    },
                    "requireInfrastructureEncryption": {
                        "type": "Bool",
                        "value": false
                    },
                    "storageAccountName": {
                        "type": "String",
                        "value": "dbstoragebu4xjcjiqw2fg"
                    },
                    "storageAccountSkuName": {
                        "type": "String",
                        "value": "Standard_GRS"
                    },
                    "vnetAddressPrefix": {
                        "type": "String",
                        "value": "10.139"
                    }
                },
                "authorizations": [
                    {
                        "principalId": "9a74af6f-d153-4348-988a-e2672920bee9",
                        "roleDefinitionId": "8e3af657-a8ff-443c-a75c-2fe8c4bcb635"
                    }
                ],
                "createdBy": {},
                "updatedBy": {},
                "createdDateTime": "2023-09-11T09:04:01.9905284Z"
            }
        },
        {
            "type": "Microsoft.KeyVault/vaults",
            "apiVersion": "2023-02-01",
            "name": "[parameters('vaults_kv_adfadb_name')]",
            "location": "westus2",
            "properties": {
                "sku": {
                    "family": "A",
                    "name": "Standard"
                },
                "tenantId": "8ee0f3e4-b788-4efa-bd84-e6bfe7fe9943",
                "accessPolicies": [
                    {
                        "tenantId": "8ee0f3e4-b788-4efa-bd84-e6bfe7fe9943",
                        "objectId": "2feb6dc7-1345-4507-8641-0f93012c9475",
                        "permissions": {
                            "keys": [
                                "Get",
                                "List",
                                "Update",
                                "Create",
                                "Import",
                                "Delete",
                                "Recover",
                                "Backup",
                                "Restore",
                                "GetRotationPolicy",
                                "SetRotationPolicy",
                                "Rotate"
                            ],
                            "secrets": [
                                "Get",
                                "List",
                                "Set",
                                "Delete",
                                "Recover",
                                "Backup",
                                "Restore"
                            ],
                            "certificates": [
                                "Get",
                                "List",
                                "Update",
                                "Create",
                                "Import",
                                "Delete",
                                "Recover",
                                "Backup",
                                "Restore",
                                "ManageContacts",
                                "ManageIssuers",
                                "GetIssuers",
                                "ListIssuers",
                                "SetIssuers",
                                "DeleteIssuers"
                            ]
                        }
                    },
                    {
                        "tenantId": "8ee0f3e4-b788-4efa-bd84-e6bfe7fe9943",
                        "objectId": "af1a98b2-460f-4e2d-97f2-c3fbc57074ae",
                        "permissions": {
                            "certificates": [
                                "Get",
                                "List",
                                "Update",
                                "Create",
                                "Import",
                                "Delete",
                                "Recover",
                                "Backup",
                                "Restore",
                                "ManageContacts",
                                "ManageIssuers",
                                "GetIssuers",
                                "ListIssuers",
                                "SetIssuers",
                                "DeleteIssuers"
                            ],
                            "keys": [
                                "Get",
                                "List",
                                "Update",
                                "Create",
                                "Import",
                                "Delete",
                                "Recover",
                                "Backup",
                                "Restore",
                                "GetRotationPolicy",
                                "SetRotationPolicy",
                                "Rotate"
                            ],
                            "secrets": [
                                "Get",
                                "List",
                                "Set",
                                "Delete",
                                "Recover",
                                "Backup",
                                "Restore"
                            ]
                        }
                    },
                    {
                        "tenantId": "8ee0f3e4-b788-4efa-bd84-e6bfe7fe9943",
                        "objectId": "11321b24-bcac-4ffa-8192-f1a5ae1e9519",
                        "permissions": {
                            "certificates": [
                                "Get",
                                "List",
                                "Update",
                                "Create",
                                "Import",
                                "Delete",
                                "Recover",
                                "Backup",
                                "Restore",
                                "ManageContacts",
                                "ManageIssuers",
                                "GetIssuers",
                                "ListIssuers",
                                "SetIssuers",
                                "DeleteIssuers"
                            ],
                            "keys": [
                                "Get",
                                "List",
                                "Update",
                                "Create",
                                "Import",
                                "Delete",
                                "Recover",
                                "Backup",
                                "Restore",
                                "GetRotationPolicy",
                                "SetRotationPolicy",
                                "Rotate"
                            ],
                            "secrets": [
                                "Get",
                                "List",
                                "Set",
                                "Delete",
                                "Recover",
                                "Backup",
                                "Restore"
                            ]
                        }
                    }
                ],
                "enabledForDeployment": false,
                "enabledForDiskEncryption": false,
                "enabledForTemplateDeployment": false,
                "enableSoftDelete": true,
                "softDeleteRetentionInDays": 90,
                "enableRbacAuthorization": false,
                "vaultUri": "[concat('https://', parameters('vaults_kv_adfadb_name'), '.vault.azure.net/')]",
                "provisioningState": "Succeeded",
                "publicNetworkAccess": "Enabled"
            }
        },
        {
            "type": "Microsoft.Sql/servers",
            "apiVersion": "2023-02-01-preview",
            "name": "[parameters('servers_sqlserver_capstone_name')]",
            "location": "westus3",
            "tags": {
                "owner": "Chaitanya",
                "PROJECT": "Capstone"
            },
            "kind": "v12.0",
            "properties": {
                "administratorLogin": "capstone",
                "version": "12.0",
                "minimalTlsVersion": "1.2",
                "publicNetworkAccess": "Enabled",
                "administrators": {
                    "administratorType": "ActiveDirectory",
                    "principalType": "User",
                    "login": "kumar.chaitanya@nihilent.com",
                    "sid": "2feb6dc7-1345-4507-8641-0f93012c9475",
                    "tenantId": "8ee0f3e4-b788-4efa-bd84-e6bfe7fe9943",
                    "azureADOnlyAuthentication": false
                },
                "restrictOutboundNetworkAccess": "Disabled"
            }
        },
        {
            "type": "Microsoft.Storage/storageAccounts",
            "apiVersion": "2023-01-01",
            "name": "[parameters('storageAccounts_chaitanyacapastonelake_name')]",
            "location": "westus3",
            "tags": {
                "owner": "Chaitanya",
                "PROJECT": "Capstone"
            },
            "sku": {
                "name": "Standard_LRS",
                "tier": "Standard"
            },
            "kind": "StorageV2",
            "properties": {
                "dnsEndpointType": "Standard",
                "defaultToOAuthAuthentication": false,
                "publicNetworkAccess": "Enabled",
                "allowCrossTenantReplication": false,
                "isSftpEnabled": false,
                "minimumTlsVersion": "TLS1_2",
                "allowBlobPublicAccess": false,
                "allowSharedKeyAccess": true,
                "isHnsEnabled": true,
                "networkAcls": {
                    "resourceAccessRules": [
                        {
                            "tenantId": "8ee0f3e4-b788-4efa-bd84-e6bfe7fe9943",
                            "resourceId": "/subscriptions/cde64d45-0c69-4975-840f-3446edb9e369/providers/Microsoft.Security/datascanners/StorageDataScanner"
                        }
                    ],
                    "bypass": "AzureServices",
                    "virtualNetworkRules": [],
                    "ipRules": [],
                    "defaultAction": "Allow"
                },
                "supportsHttpsTrafficOnly": true,
                "encryption": {
                    "requireInfrastructureEncryption": false,
                    "services": {
                        "file": {
                            "keyType": "Account",
                            "enabled": true
                        },
                        "table": {
                            "keyType": "Account",
                            "enabled": true
                        },
                        "queue": {
                            "keyType": "Account",
                            "enabled": true
                        },
                        "blob": {
                            "keyType": "Account",
                            "enabled": true
                        }
                    },
                    "keySource": "Microsoft.Storage"
                },
                "accessTier": "Hot"
            }
        },
        {
            "type": "Microsoft.Storage/storageAccounts",
            "apiVersion": "2023-01-01",
            "name": "[parameters('storageAccounts_chaitanyacapstoneblob_name')]",
            "location": "westus3",
            "tags": {
                "owner": "Chaitanya",
                "PROJECT": "Capstone"
            },
            "sku": {
                "name": "Standard_LRS",
                "tier": "Standard"
            },
            "kind": "StorageV2",
            "properties": {
                "dnsEndpointType": "Standard",
                "defaultToOAuthAuthentication": false,
                "publicNetworkAccess": "Enabled",
                "allowCrossTenantReplication": false,
                "minimumTlsVersion": "TLS1_2",
                "allowBlobPublicAccess": false,
                "allowSharedKeyAccess": true,
                "networkAcls": {
                    "resourceAccessRules": [
                        {
                            "tenantId": "8ee0f3e4-b788-4efa-bd84-e6bfe7fe9943",
                            "resourceId": "/subscriptions/cde64d45-0c69-4975-840f-3446edb9e369/providers/Microsoft.Security/datascanners/StorageDataScanner"
                        }
                    ],
                    "bypass": "AzureServices",
                    "virtualNetworkRules": [],
                    "ipRules": [],
                    "defaultAction": "Allow"
                },
                "supportsHttpsTrafficOnly": true,
                "encryption": {
                    "requireInfrastructureEncryption": false,
                    "services": {
                        "file": {
                            "keyType": "Account",
                            "enabled": true
                        },
                        "table": {
                            "keyType": "Account",
                            "enabled": true
                        },
                        "queue": {
                            "keyType": "Account",
                            "enabled": true
                        },
                        "blob": {
                            "keyType": "Account",
                            "enabled": true
                        }
                    },
                    "keySource": "Microsoft.Storage"
                },
                "accessTier": "Hot"
            }
        },
        {
            "type": "Microsoft.Web/connections",
            "apiVersion": "2016-06-01",
            "name": "[parameters('connections_gmail_name')]",
            "location": "westus2",
            "kind": "V1",
            "properties": {
                "displayName": "message_error",
                "statuses": [
                    {
                        "status": "Connected"
                    }
                ],
                "customParameterValues": {},
                "createdTime": "2023-09-12T11:38:58.7150049Z",
                "changedTime": "2023-09-13T06:28:40.6023999Z",
                "api": {
                    "name": "[parameters('connections_gmail_name')]",
                    "displayName": "Gmail",
                    "description": "Gmail is a web-based email service from Google. With the Gmail connector, you can perform actions such as send or receive e-mail messages, and trigger flows on new e-mails.",
                    "iconUri": "[concat('https://connectoricons-prod.azureedge.net/master/1.0.1653.3400/', parameters('connections_gmail_name'), '/icon.png')]",
                    "brandColor": "#20427f",
                    "id": "[concat('/subscriptions/cde64d45-0c69-4975-840f-3446edb9e369/providers/Microsoft.Web/locations/westus2/managedApis/', parameters('connections_gmail_name'))]",
                    "type": "Microsoft.Web/locations/managedApis"
                },
                "testLinks": [
                    {
                        "requestUri": "[concat('https://management.azure.com:443/subscriptions/cde64d45-0c69-4975-840f-3446edb9e369/resourceGroups/RG_ChaitanyaCapstone/providers/Microsoft.Web/connections/', parameters('connections_gmail_name'), '/extensions/proxy/TestConnection?api-version=2016-06-01')]",
                        "method": "get"
                    }
                ]
            }
        },
        {
            "type": "Microsoft.EventGrid/systemTopics",
            "apiVersion": "2023-06-01-preview",
            "name": "[parameters('systemTopics_chaitanyacapastonelake_1931ff1d_6892_4c32_a4d3_3665575a5c76_name')]",
            "location": "westus3",
            "dependsOn": [
                "[resourceId('Microsoft.Storage/storageAccounts', parameters('storageAccounts_chaitanyacapastonelake_name'))]"
            ],
            "properties": {
                "source": "[resourceId('Microsoft.Storage/storageAccounts', parameters('storageAccounts_chaitanyacapastonelake_name'))]",
                "topicType": "microsoft.storage.storageaccounts"
            }
        },
        {
            "type": "Microsoft.EventGrid/systemTopics",
            "apiVersion": "2023-06-01-preview",
            "name": "[parameters('systemTopics_chaitanyacapstoneblob_000132ba_89ae_4dc4_89c3_fb5e4889e9f2_name')]",
            "location": "westus3",
            "dependsOn": [
                "[resourceId('Microsoft.Storage/storageAccounts', parameters('storageAccounts_chaitanyacapstoneblob_name'))]"
            ],
            "properties": {
                "source": "[resourceId('Microsoft.Storage/storageAccounts', parameters('storageAccounts_chaitanyacapstoneblob_name'))]",
                "topicType": "microsoft.storage.storageaccounts"
            }
        },
        {
            "type": "Microsoft.EventGrid/systemTopics/eventSubscriptions",
            "apiVersion": "2023-06-01-preview",
            "name": "[concat(parameters('systemTopics_chaitanyacapastonelake_1931ff1d_6892_4c32_a4d3_3665575a5c76_name'), '/StorageAntimalwareSubscription')]",
            "dependsOn": [
                "[resourceId('Microsoft.EventGrid/systemTopics', parameters('systemTopics_chaitanyacapastonelake_1931ff1d_6892_4c32_a4d3_3665575a5c76_name'))]"
            ],
            "properties": {
                "destination": {
                    "properties": {
                        "maxEventsPerBatch": 1,
                        "preferredBatchSizeInKilobytes": 64,
                        "azureActiveDirectoryTenantId": "33e01921-4d64-4f8c-a055-5bdaffd5e33d",
                        "azureActiveDirectoryApplicationIdOrUri": "f1f8da5f-609a-401d-85b2-d498116b7265"
                    },
                    "endpointType": "WebHook"
                },
                "filter": {
                    "includedEventTypes": [
                        "Microsoft.Storage.BlobCreated"
                    ],
                    "advancedFilters": [
                        {
                            "values": [
                                "BlockBlob"
                            ],
                            "operatorType": "StringContains",
                            "key": "data.blobType"
                        }
                    ]
                },
                "eventDeliverySchema": "EventGridSchema",
                "retryPolicy": {
                    "maxDeliveryAttempts": 30,
                    "eventTimeToLiveInMinutes": 1440
                }
            }
        },
        {
            "type": "Microsoft.EventGrid/systemTopics/eventSubscriptions",
            "apiVersion": "2023-06-01-preview",
            "name": "[concat(parameters('systemTopics_chaitanyacapstoneblob_000132ba_89ae_4dc4_89c3_fb5e4889e9f2_name'), '/StorageAntimalwareSubscription')]",
            "dependsOn": [
                "[resourceId('Microsoft.EventGrid/systemTopics', parameters('systemTopics_chaitanyacapstoneblob_000132ba_89ae_4dc4_89c3_fb5e4889e9f2_name'))]"
            ],
            "properties": {
                "destination": {
                    "properties": {
                        "maxEventsPerBatch": 1,
                        "preferredBatchSizeInKilobytes": 64,
                        "azureActiveDirectoryTenantId": "33e01921-4d64-4f8c-a055-5bdaffd5e33d",
                        "azureActiveDirectoryApplicationIdOrUri": "f1f8da5f-609a-401d-85b2-d498116b7265"
                    },
                    "endpointType": "WebHook"
                },
                "filter": {
                    "includedEventTypes": [
                        "Microsoft.Storage.BlobCreated"
                    ],
                    "advancedFilters": [
                        {
                            "values": [
                                "BlockBlob"
                            ],
                            "operatorType": "StringContains",
                            "key": "data.blobType"
                        }
                    ]
                },
                "eventDeliverySchema": "EventGridSchema",
                "retryPolicy": {
                    "maxDeliveryAttempts": 30,
                    "eventTimeToLiveInMinutes": 1440
                }
            }
        },
        {
            "type": "Microsoft.KeyVault/vaults/secrets",
            "apiVersion": "2023-02-01",
            "name": "[concat(parameters('vaults_kv_adfadb_name'), '/Adf-Adb-key')]",
            "location": "westus2",
            "dependsOn": [
                "[resourceId('Microsoft.KeyVault/vaults', parameters('vaults_kv_adfadb_name'))]"
            ],
            "properties": {
                "attributes": {
                    "enabled": true
                }
            }
        },
        {
            "type": "Microsoft.KeyVault/vaults/secrets",
            "apiVersion": "2023-02-01",
            "name": "[concat(parameters('vaults_kv_adfadb_name'), '/capstone-adb-adf')]",
            "location": "westus2",
            "dependsOn": [
                "[resourceId('Microsoft.KeyVault/vaults', parameters('vaults_kv_adfadb_name'))]"
            ],
            "properties": {
                "attributes": {
                    "enabled": true
                }
            }
        },
        {
            "type": "Microsoft.KeyVault/vaults/secrets",
            "apiVersion": "2023-02-01",
            "name": "[concat(parameters('vaults_kv_adfadb_name'), '/capstone-blob')]",
            "location": "westus2",
            "dependsOn": [
                "[resourceId('Microsoft.KeyVault/vaults', parameters('vaults_kv_adfadb_name'))]"
            ],
            "properties": {
                "attributes": {
                    "enabled": true
                }
            }
        },
        {
            "type": "Microsoft.KeyVault/vaults/secrets",
            "apiVersion": "2023-02-01",
            "name": "[concat(parameters('vaults_kv_adfadb_name'), '/capstone-datalake')]",
            "location": "westus2",
            "dependsOn": [
                "[resourceId('Microsoft.KeyVault/vaults', parameters('vaults_kv_adfadb_name'))]"
            ],
            "properties": {
                "attributes": {
                    "enabled": true
                }
            }
        },
        {
            "type": "Microsoft.Logic/workflows",
            "apiVersion": "2017-07-01",
            "name": "[parameters('workflows_LG_capstone_name')]",
            "location": "westus2",
            "dependsOn": [
                "[resourceId('Microsoft.Web/connections', parameters('connections_gmail_name'))]"
            ],
            "tags": {
                "PROJECT": "Capstone",
                "owner": "Chaitanya"
            },
            "properties": {
                "state": "Enabled",
                "definition": {
                    "$schema": "https://schema.management.azure.com/providers/Microsoft.Logic/schemas/2016-06-01/workflowdefinition.json#",
                    "contentVersion": "1.0.0.0",
                    "parameters": {
                        "$connections": {
                            "defaultValue": {},
                            "type": "Object"
                        }
                    },
                    "triggers": {
                        "manual": {
                            "type": "Request",
                            "kind": "Http",
                            "inputs": {
                                "schema": {
                                    "properties": {
                                        "dataFactoryName": {
                                            "type": "string"
                                        },
                                        "message": {
                                            "type": "string"
                                        },
                                        "pipelineName": {
                                            "type": "string"
                                        },
                                        "receiver": {
                                            "type": "string"
                                        }
                                    },
                                    "type": "object"
                                }
                            }
                        }
                    },
                    "actions": {
                        "Send_email_(V2)_2": {
                            "runAfter": {},
                            "type": "ApiConnection",
                            "inputs": {
                                "body": {
                                    "Body": "<p>Hii Mister,<br>\n &nbsp;In this@{triggerBody()?['dataFactoryName']}with this pipeline:@{triggerBody()?['pipelineName']} got failured.</p>",
                                    "Subject": "Pipeline Failure",
                                    "To": "@triggerBody()?['receiver']"
                                },
                                "host": {
                                    "connection": {
                                        "name": "@parameters('$connections')['gmail']['connectionId']"
                                    }
                                },
                                "method": "post",
                                "path": "/v2/Mail"
                            }
                        }
                    },
                    "outputs": {}
                },
                "parameters": {
                    "$connections": {
                        "value": {
                            "gmail": {
                                "connectionId": "[resourceId('Microsoft.Web/connections', parameters('connections_gmail_name'))]",
                                "connectionName": "gmail",
                                "id": "/subscriptions/cde64d45-0c69-4975-840f-3446edb9e369/providers/Microsoft.Web/locations/westus2/managedApis/gmail"
                            }
                        }
                    }
                }
            }
        },
        {
            "type": "Microsoft.Sql/servers/administrators",
            "apiVersion": "2023-02-01-preview",
            "name": "[concat(parameters('servers_sqlserver_capstone_name'), '/ActiveDirectory')]",
            "dependsOn": [
                "[resourceId('Microsoft.Sql/servers', parameters('servers_sqlserver_capstone_name'))]"
            ],
            "properties": {
                "administratorType": "ActiveDirectory",
                "login": "kumar.chaitanya@nihilent.com",
                "sid": "2feb6dc7-1345-4507-8641-0f93012c9475",
                "tenantId": "8ee0f3e4-b788-4efa-bd84-e6bfe7fe9943"
            }
        },
        {
            "type": "Microsoft.Sql/servers/advancedThreatProtectionSettings",
            "apiVersion": "2023-02-01-preview",
            "name": "[concat(parameters('servers_sqlserver_capstone_name'), '/Default')]",
            "dependsOn": [
                "[resourceId('Microsoft.Sql/servers', parameters('servers_sqlserver_capstone_name'))]"
            ],
            "properties": {
                "state": "Enabled"
            }
        },
        {
            "type": "Microsoft.Sql/servers/advisors",
            "apiVersion": "2014-04-01",
            "name": "[concat(parameters('servers_sqlserver_capstone_name'), '/CreateIndex')]",
            "dependsOn": [
                "[resourceId('Microsoft.Sql/servers', parameters('servers_sqlserver_capstone_name'))]"
            ],
            "properties": {
                "autoExecuteValue": "Disabled"
            }
        },
        {
            "type": "Microsoft.Sql/servers/advisors",
            "apiVersion": "2014-04-01",
            "name": "[concat(parameters('servers_sqlserver_capstone_name'), '/DbParameterization')]",
            "dependsOn": [
                "[resourceId('Microsoft.Sql/servers', parameters('servers_sqlserver_capstone_name'))]"
            ],
            "properties": {
                "autoExecuteValue": "Disabled"
            }
        },
        {
            "type": "Microsoft.Sql/servers/advisors",
            "apiVersion": "2014-04-01",
            "name": "[concat(parameters('servers_sqlserver_capstone_name'), '/DefragmentIndex')]",
            "dependsOn": [
                "[resourceId('Microsoft.Sql/servers', parameters('servers_sqlserver_capstone_name'))]"
            ],
            "properties": {
                "autoExecuteValue": "Disabled"
            }
        },
        {
            "type": "Microsoft.Sql/servers/advisors",
            "apiVersion": "2014-04-01",
            "name": "[concat(parameters('servers_sqlserver_capstone_name'), '/DropIndex')]",
            "dependsOn": [
                "[resourceId('Microsoft.Sql/servers', parameters('servers_sqlserver_capstone_name'))]"
            ],
            "properties": {
                "autoExecuteValue": "Disabled"
            }
        },
        {
            "type": "Microsoft.Sql/servers/advisors",
            "apiVersion": "2014-04-01",
            "name": "[concat(parameters('servers_sqlserver_capstone_name'), '/ForceLastGoodPlan')]",
            "dependsOn": [
                "[resourceId('Microsoft.Sql/servers', parameters('servers_sqlserver_capstone_name'))]"
            ],
            "properties": {
                "autoExecuteValue": "Enabled"
            }
        },
        {
            "type": "Microsoft.Sql/servers/auditingPolicies",
            "apiVersion": "2014-04-01",
            "name": "[concat(parameters('servers_sqlserver_capstone_name'), '/Default')]",
            "location": "West US 3",
            "dependsOn": [
                "[resourceId('Microsoft.Sql/servers', parameters('servers_sqlserver_capstone_name'))]"
            ],
            "properties": {
                "auditingState": "Disabled"
            }
        },
        {
            "type": "Microsoft.Sql/servers/auditingSettings",
            "apiVersion": "2023-02-01-preview",
            "name": "[concat(parameters('servers_sqlserver_capstone_name'), '/Default')]",
            "dependsOn": [
                "[resourceId('Microsoft.Sql/servers', parameters('servers_sqlserver_capstone_name'))]"
            ],
            "properties": {
                "retentionDays": 0,
                "auditActionsAndGroups": [],
                "isStorageSecondaryKeyInUse": false,
                "isAzureMonitorTargetEnabled": false,
                "isManagedIdentityInUse": false,
                "state": "Disabled",
                "storageAccountSubscriptionId": "00000000-0000-0000-0000-000000000000"
            }
        },
        {
            "type": "Microsoft.Sql/servers/azureADOnlyAuthentications",
            "apiVersion": "2023-02-01-preview",
            "name": "[concat(parameters('servers_sqlserver_capstone_name'), '/Default')]",
            "dependsOn": [
                "[resourceId('Microsoft.Sql/servers', parameters('servers_sqlserver_capstone_name'))]"
            ],
            "properties": {
                "azureADOnlyAuthentication": false
            }
        },
        {
            "type": "Microsoft.Sql/servers/connectionPolicies",
            "apiVersion": "2023-02-01-preview",
            "name": "[concat(parameters('servers_sqlserver_capstone_name'), '/default')]",
            "location": "westus3",
            "dependsOn": [
                "[resourceId('Microsoft.Sql/servers', parameters('servers_sqlserver_capstone_name'))]"
            ],
            "properties": {
                "connectionType": "Default"
            }
        },
        {
            "type": "Microsoft.Sql/servers/databases",
            "apiVersion": "2023-02-01-preview",
            "name": "[concat(parameters('servers_sqlserver_capstone_name'), '/SqlDb-capstone')]",
            "location": "westus3",
            "dependsOn": [
                "[resourceId('Microsoft.Sql/servers', parameters('servers_sqlserver_capstone_name'))]"
            ],
            "tags": {
                "owner": "Chaitanya",
                "PROJECT": "Capstone"
            },
            "sku": {
                "name": "Basic",
                "tier": "Basic",
                "capacity": 5
            },
            "kind": "v12.0,user",
            "properties": {
                "collation": "SQL_Latin1_General_CP1_CI_AS",
                "maxSizeBytes": 2147483648,
                "catalogCollation": "SQL_Latin1_General_CP1_CI_AS",
                "zoneRedundant": false,
                "readScale": "Disabled",
                "requestedBackupStorageRedundancy": "Local",
                "maintenanceConfigurationId": "/subscriptions/cde64d45-0c69-4975-840f-3446edb9e369/providers/Microsoft.Maintenance/publicMaintenanceConfigurations/SQL_Default",
                "isLedgerOn": false,
                "preferredEnclaveType": "VBS",
                "availabilityZone": "NoPreference"
            }
        },
        {
            "type": "Microsoft.Sql/servers/databases/advancedThreatProtectionSettings",
            "apiVersion": "2023-02-01-preview",
            "name": "[concat(parameters('servers_sqlserver_capstone_name'), '/master/Default')]",
            "dependsOn": [
                "[resourceId('Microsoft.Sql/servers', parameters('servers_sqlserver_capstone_name'))]"
            ],
            "properties": {
                "state": "Disabled"
            }
        },
        {
            "type": "Microsoft.Sql/servers/databases/auditingPolicies",
            "apiVersion": "2014-04-01",
            "name": "[concat(parameters('servers_sqlserver_capstone_name'), '/master/Default')]",
            "location": "West US 3",
            "dependsOn": [
                "[resourceId('Microsoft.Sql/servers', parameters('servers_sqlserver_capstone_name'))]"
            ],
            "properties": {
                "auditingState": "Disabled"
            }
        },
        {
            "type": "Microsoft.Sql/servers/databases/auditingSettings",
            "apiVersion": "2023-02-01-preview",
            "name": "[concat(parameters('servers_sqlserver_capstone_name'), '/master/Default')]",
            "dependsOn": [
                "[resourceId('Microsoft.Sql/servers', parameters('servers_sqlserver_capstone_name'))]"
            ],
            "properties": {
                "retentionDays": 0,
                "isAzureMonitorTargetEnabled": false,
                "state": "Disabled",
                "storageAccountSubscriptionId": "00000000-0000-0000-0000-000000000000"
            }
        },
        {
            "type": "Microsoft.Sql/servers/databases/extendedAuditingSettings",
            "apiVersion": "2023-02-01-preview",
            "name": "[concat(parameters('servers_sqlserver_capstone_name'), '/master/Default')]",
            "dependsOn": [
                "[resourceId('Microsoft.Sql/servers', parameters('servers_sqlserver_capstone_name'))]"
            ],
            "properties": {
                "retentionDays": 0,
                "isAzureMonitorTargetEnabled": false,
                "state": "Disabled",
                "storageAccountSubscriptionId": "00000000-0000-0000-0000-000000000000"
            }
        },
        {
            "type": "Microsoft.Sql/servers/databases/geoBackupPolicies",
            "apiVersion": "2023-02-01-preview",
            "name": "[concat(parameters('servers_sqlserver_capstone_name'), '/master/Default')]",
            "dependsOn": [
                "[resourceId('Microsoft.Sql/servers', parameters('servers_sqlserver_capstone_name'))]"
            ],
            "properties": {
                "state": "Disabled"
            }
        },
        {
            "type": "Microsoft.Sql/servers/databases/ledgerDigestUploads",
            "apiVersion": "2023-02-01-preview",
            "name": "[concat(parameters('servers_sqlserver_capstone_name'), '/master/Current')]",
            "dependsOn": [
                "[resourceId('Microsoft.Sql/servers', parameters('servers_sqlserver_capstone_name'))]"
            ],
            "properties": {}
        },
        {
            "type": "Microsoft.Sql/servers/databases/securityAlertPolicies",
            "apiVersion": "2023-02-01-preview",
            "name": "[concat(parameters('servers_sqlserver_capstone_name'), '/master/Default')]",
            "dependsOn": [
                "[resourceId('Microsoft.Sql/servers', parameters('servers_sqlserver_capstone_name'))]"
            ],
            "properties": {
                "state": "Disabled",
                "disabledAlerts": [
                    ""
                ],
                "emailAddresses": [
                    ""
                ],
                "emailAccountAdmins": false,
                "retentionDays": 0
            }
        },
        {
            "type": "Microsoft.Sql/servers/databases/transparentDataEncryption",
            "apiVersion": "2023-02-01-preview",
            "name": "[concat(parameters('servers_sqlserver_capstone_name'), '/master/Current')]",
            "dependsOn": [
                "[resourceId('Microsoft.Sql/servers', parameters('servers_sqlserver_capstone_name'))]"
            ],
            "properties": {
                "state": "Disabled"
            }
        },
        {
            "type": "Microsoft.Sql/servers/databases/vulnerabilityAssessments",
            "apiVersion": "2023-02-01-preview",
            "name": "[concat(parameters('servers_sqlserver_capstone_name'), '/master/Default')]",
            "dependsOn": [
                "[resourceId('Microsoft.Sql/servers', parameters('servers_sqlserver_capstone_name'))]"
            ],
            "properties": {
                "recurringScans": {
                    "isEnabled": false,
                    "emailSubscriptionAdmins": true,
                    "emails": []
                }
            }
        },
        {
            "type": "Microsoft.Sql/servers/devOpsAuditingSettings",
            "apiVersion": "2023-02-01-preview",
            "name": "[concat(parameters('servers_sqlserver_capstone_name'), '/Default')]",
            "dependsOn": [
                "[resourceId('Microsoft.Sql/servers', parameters('servers_sqlserver_capstone_name'))]"
            ],
            "properties": {
                "isAzureMonitorTargetEnabled": false,
                "isManagedIdentityInUse": false,
                "state": "Disabled",
                "storageAccountSubscriptionId": "00000000-0000-0000-0000-000000000000"
            }
        },
        {
            "type": "Microsoft.Sql/servers/encryptionProtector",
            "apiVersion": "2023-02-01-preview",
            "name": "[concat(parameters('servers_sqlserver_capstone_name'), '/current')]",
            "dependsOn": [
                "[resourceId('Microsoft.Sql/servers', parameters('servers_sqlserver_capstone_name'))]"
            ],
            "kind": "servicemanaged",
            "properties": {
                "serverKeyName": "ServiceManaged",
                "serverKeyType": "ServiceManaged",
                "autoRotationEnabled": false
            }
        },
        {
            "type": "Microsoft.Sql/servers/extendedAuditingSettings",
            "apiVersion": "2023-02-01-preview",
            "name": "[concat(parameters('servers_sqlserver_capstone_name'), '/Default')]",
            "dependsOn": [
                "[resourceId('Microsoft.Sql/servers', parameters('servers_sqlserver_capstone_name'))]"
            ],
            "properties": {
                "retentionDays": 0,
                "auditActionsAndGroups": [],
                "isStorageSecondaryKeyInUse": false,
                "isAzureMonitorTargetEnabled": false,
                "isManagedIdentityInUse": false,
                "state": "Disabled",
                "storageAccountSubscriptionId": "00000000-0000-0000-0000-000000000000"
            }
        },
        {
            "type": "Microsoft.Sql/servers/firewallRules",
            "apiVersion": "2023-02-01-preview",
            "name": "[concat(parameters('servers_sqlserver_capstone_name'), '/AllowAllWindowsAzureIps')]",
            "dependsOn": [
                "[resourceId('Microsoft.Sql/servers', parameters('servers_sqlserver_capstone_name'))]"
            ]
        },
        {
            "type": "Microsoft.Sql/servers/firewallRules",
            "apiVersion": "2023-02-01-preview",
            "name": "[concat(parameters('servers_sqlserver_capstone_name'), '/ClientIPAddress_2023-9-11_21-22-55')]",
            "dependsOn": [
                "[resourceId('Microsoft.Sql/servers', parameters('servers_sqlserver_capstone_name'))]"
            ]
        },
        {
            "type": "Microsoft.Sql/servers/keys",
            "apiVersion": "2023-02-01-preview",
            "name": "[concat(parameters('servers_sqlserver_capstone_name'), '/ServiceManaged')]",
            "dependsOn": [
                "[resourceId('Microsoft.Sql/servers', parameters('servers_sqlserver_capstone_name'))]"
            ],
            "kind": "servicemanaged",
            "properties": {
                "serverKeyType": "ServiceManaged"
            }
        },
        {
            "type": "Microsoft.Sql/servers/securityAlertPolicies",
            "apiVersion": "2023-02-01-preview",
            "name": "[concat(parameters('servers_sqlserver_capstone_name'), '/Default')]",
            "dependsOn": [
                "[resourceId('Microsoft.Sql/servers', parameters('servers_sqlserver_capstone_name'))]"
            ],
            "properties": {
                "state": "Enabled",
                "disabledAlerts": [
                    ""
                ],
                "emailAddresses": [
                    ""
                ],
                "emailAccountAdmins": false,
                "retentionDays": 0
            }
        },
        {
            "type": "Microsoft.Sql/servers/sqlVulnerabilityAssessments",
            "apiVersion": "2023-02-01-preview",
            "name": "[concat(parameters('servers_sqlserver_capstone_name'), '/Default')]",
            "dependsOn": [
                "[resourceId('Microsoft.Sql/servers', parameters('servers_sqlserver_capstone_name'))]"
            ],
            "properties": {
                "state": "Enabled"
            }
        },
        {
            "type": "Microsoft.Sql/servers/vulnerabilityAssessments",
            "apiVersion": "2023-02-01-preview",
            "name": "[concat(parameters('servers_sqlserver_capstone_name'), '/Default')]",
            "dependsOn": [
                "[resourceId('Microsoft.Sql/servers', parameters('servers_sqlserver_capstone_name'))]"
            ],
            "properties": {
                "recurringScans": {
                    "isEnabled": false,
                    "emailSubscriptionAdmins": true
                },
                "storageContainerPath": "[parameters('vulnerabilityAssessments_Default_storageContainerPath')]"
            }
        },
        {
            "type": "Microsoft.Storage/storageAccounts/blobServices",
            "apiVersion": "2023-01-01",
            "name": "[concat(parameters('storageAccounts_chaitanyacapastonelake_name'), '/default')]",
            "dependsOn": [
                "[resourceId('Microsoft.Storage/storageAccounts', parameters('storageAccounts_chaitanyacapastonelake_name'))]"
            ],
            "sku": {
                "name": "Standard_LRS",
                "tier": "Standard"
            },
            "properties": {
                "containerDeleteRetentionPolicy": {
                    "enabled": true,
                    "days": 7
                },
                "cors": {
                    "corsRules": []
                },
                "deleteRetentionPolicy": {
                    "allowPermanentDelete": false,
                    "enabled": true,
                    "days": 7
                }
            }
        },
        {
            "type": "Microsoft.Storage/storageAccounts/blobServices",
            "apiVersion": "2023-01-01",
            "name": "[concat(parameters('storageAccounts_chaitanyacapstoneblob_name'), '/default')]",
            "dependsOn": [
                "[resourceId('Microsoft.Storage/storageAccounts', parameters('storageAccounts_chaitanyacapstoneblob_name'))]"
            ],
            "sku": {
                "name": "Standard_LRS",
                "tier": "Standard"
            },
            "properties": {
                "changeFeed": {
                    "enabled": false
                },
                "restorePolicy": {
                    "enabled": false
                },
                "containerDeleteRetentionPolicy": {
                    "enabled": true,
                    "days": 7
                },
                "cors": {
                    "corsRules": []
                },
                "deleteRetentionPolicy": {
                    "allowPermanentDelete": false,
                    "enabled": true,
                    "days": 7
                },
                "isVersioningEnabled": false
            }
        },
        {
            "type": "Microsoft.Storage/storageAccounts/fileServices",
            "apiVersion": "2023-01-01",
            "name": "[concat(parameters('storageAccounts_chaitanyacapastonelake_name'), '/default')]",
            "dependsOn": [
                "[resourceId('Microsoft.Storage/storageAccounts', parameters('storageAccounts_chaitanyacapastonelake_name'))]"
            ],
            "sku": {
                "name": "Standard_LRS",
                "tier": "Standard"
            },
            "properties": {
                "protocolSettings": {
                    "smb": {}
                },
                "cors": {
                    "corsRules": []
                },
                "shareDeleteRetentionPolicy": {
                    "enabled": true,
                    "days": 7
                }
            }
        },
        {
            "type": "Microsoft.Storage/storageAccounts/fileServices",
            "apiVersion": "2023-01-01",
            "name": "[concat(parameters('storageAccounts_chaitanyacapstoneblob_name'), '/default')]",
            "dependsOn": [
                "[resourceId('Microsoft.Storage/storageAccounts', parameters('storageAccounts_chaitanyacapstoneblob_name'))]"
            ],
            "sku": {
                "name": "Standard_LRS",
                "tier": "Standard"
            },
            "properties": {
                "protocolSettings": {
                    "smb": {}
                },
                "cors": {
                    "corsRules": []
                },
                "shareDeleteRetentionPolicy": {
                    "enabled": true,
                    "days": 7
                }
            }
        },
        {
            "type": "Microsoft.Storage/storageAccounts/queueServices",
            "apiVersion": "2023-01-01",
            "name": "[concat(parameters('storageAccounts_chaitanyacapastonelake_name'), '/default')]",
            "dependsOn": [
                "[resourceId('Microsoft.Storage/storageAccounts', parameters('storageAccounts_chaitanyacapastonelake_name'))]"
            ],
            "properties": {
                "cors": {
                    "corsRules": []
                }
            }
        },
        {
            "type": "Microsoft.Storage/storageAccounts/queueServices",
            "apiVersion": "2023-01-01",
            "name": "[concat(parameters('storageAccounts_chaitanyacapstoneblob_name'), '/default')]",
            "dependsOn": [
                "[resourceId('Microsoft.Storage/storageAccounts', parameters('storageAccounts_chaitanyacapstoneblob_name'))]"
            ],
            "properties": {
                "cors": {
                    "corsRules": []
                }
            }
        },
        {
            "type": "Microsoft.Storage/storageAccounts/tableServices",
            "apiVersion": "2023-01-01",
            "name": "[concat(parameters('storageAccounts_chaitanyacapastonelake_name'), '/default')]",
            "dependsOn": [
                "[resourceId('Microsoft.Storage/storageAccounts', parameters('storageAccounts_chaitanyacapastonelake_name'))]"
            ],
            "properties": {
                "cors": {
                    "corsRules": []
                }
            }
        },
        {
            "type": "Microsoft.Storage/storageAccounts/tableServices",
            "apiVersion": "2023-01-01",
            "name": "[concat(parameters('storageAccounts_chaitanyacapstoneblob_name'), '/default')]",
            "dependsOn": [
                "[resourceId('Microsoft.Storage/storageAccounts', parameters('storageAccounts_chaitanyacapstoneblob_name'))]"
            ],
            "properties": {
                "cors": {
                    "corsRules": []
                }
            }
        },
        {
            "type": "Microsoft.Sql/servers/databases/advancedThreatProtectionSettings",
            "apiVersion": "2023-02-01-preview",
            "name": "[concat(parameters('servers_sqlserver_capstone_name'), '/SqlDb-capstone/Default')]",
            "dependsOn": [
                "[resourceId('Microsoft.Sql/servers/databases', parameters('servers_sqlserver_capstone_name'), 'SqlDb-capstone')]",
                "[resourceId('Microsoft.Sql/servers', parameters('servers_sqlserver_capstone_name'))]"
            ],
            "properties": {
                "state": "Disabled"
            }
        },
        {
            "type": "Microsoft.Sql/servers/databases/advisors",
            "apiVersion": "2014-04-01",
            "name": "[concat(parameters('servers_sqlserver_capstone_name'), '/SqlDb-capstone/CreateIndex')]",
            "dependsOn": [
                "[resourceId('Microsoft.Sql/servers/databases', parameters('servers_sqlserver_capstone_name'), 'SqlDb-capstone')]",
                "[resourceId('Microsoft.Sql/servers', parameters('servers_sqlserver_capstone_name'))]"
            ],
            "properties": {
                "autoExecuteValue": "Disabled"
            }
        },
        {
            "type": "Microsoft.Sql/servers/databases/advisors",
            "apiVersion": "2014-04-01",
            "name": "[concat(parameters('servers_sqlserver_capstone_name'), '/SqlDb-capstone/DbParameterization')]",
            "dependsOn": [
                "[resourceId('Microsoft.Sql/servers/databases', parameters('servers_sqlserver_capstone_name'), 'SqlDb-capstone')]",
                "[resourceId('Microsoft.Sql/servers', parameters('servers_sqlserver_capstone_name'))]"
            ],
            "properties": {
                "autoExecuteValue": "Disabled"
            }
        },
        {
            "type": "Microsoft.Sql/servers/databases/advisors",
            "apiVersion": "2014-04-01",
            "name": "[concat(parameters('servers_sqlserver_capstone_name'), '/SqlDb-capstone/DefragmentIndex')]",
            "dependsOn": [
                "[resourceId('Microsoft.Sql/servers/databases', parameters('servers_sqlserver_capstone_name'), 'SqlDb-capstone')]",
                "[resourceId('Microsoft.Sql/servers', parameters('servers_sqlserver_capstone_name'))]"
            ],
            "properties": {
                "autoExecuteValue": "Disabled"
            }
        },
        {
            "type": "Microsoft.Sql/servers/databases/advisors",
            "apiVersion": "2014-04-01",
            "name": "[concat(parameters('servers_sqlserver_capstone_name'), '/SqlDb-capstone/DropIndex')]",
            "dependsOn": [
                "[resourceId('Microsoft.Sql/servers/databases', parameters('servers_sqlserver_capstone_name'), 'SqlDb-capstone')]",
                "[resourceId('Microsoft.Sql/servers', parameters('servers_sqlserver_capstone_name'))]"
            ],
            "properties": {
                "autoExecuteValue": "Disabled"
            }
        },
        {
            "type": "Microsoft.Sql/servers/databases/advisors",
            "apiVersion": "2014-04-01",
            "name": "[concat(parameters('servers_sqlserver_capstone_name'), '/SqlDb-capstone/ForceLastGoodPlan')]",
            "dependsOn": [
                "[resourceId('Microsoft.Sql/servers/databases', parameters('servers_sqlserver_capstone_name'), 'SqlDb-capstone')]",
                "[resourceId('Microsoft.Sql/servers', parameters('servers_sqlserver_capstone_name'))]"
            ],
            "properties": {
                "autoExecuteValue": "Enabled"
            }
        },
        {
            "type": "Microsoft.Sql/servers/databases/auditingPolicies",
            "apiVersion": "2014-04-01",
            "name": "[concat(parameters('servers_sqlserver_capstone_name'), '/SqlDb-capstone/Default')]",
            "location": "West US 3",
            "dependsOn": [
                "[resourceId('Microsoft.Sql/servers/databases', parameters('servers_sqlserver_capstone_name'), 'SqlDb-capstone')]",
                "[resourceId('Microsoft.Sql/servers', parameters('servers_sqlserver_capstone_name'))]"
            ],
            "properties": {
                "auditingState": "Disabled"
            }
        },
        {
            "type": "Microsoft.Sql/servers/databases/auditingSettings",
            "apiVersion": "2023-02-01-preview",
            "name": "[concat(parameters('servers_sqlserver_capstone_name'), '/SqlDb-capstone/Default')]",
            "dependsOn": [
                "[resourceId('Microsoft.Sql/servers/databases', parameters('servers_sqlserver_capstone_name'), 'SqlDb-capstone')]",
                "[resourceId('Microsoft.Sql/servers', parameters('servers_sqlserver_capstone_name'))]"
            ],
            "properties": {
                "retentionDays": 0,
                "isAzureMonitorTargetEnabled": false,
                "state": "Disabled",
                "storageAccountSubscriptionId": "00000000-0000-0000-0000-000000000000"
            }
        },
        {
            "type": "Microsoft.Sql/servers/databases/backupLongTermRetentionPolicies",
            "apiVersion": "2023-02-01-preview",
            "name": "[concat(parameters('servers_sqlserver_capstone_name'), '/SqlDb-capstone/default')]",
            "dependsOn": [
                "[resourceId('Microsoft.Sql/servers/databases', parameters('servers_sqlserver_capstone_name'), 'SqlDb-capstone')]",
                "[resourceId('Microsoft.Sql/servers', parameters('servers_sqlserver_capstone_name'))]"
            ],
            "properties": {
                "makeBackupsImmutable": false,
                "weeklyRetention": "PT0S",
                "monthlyRetention": "PT0S",
                "yearlyRetention": "PT0S",
                "weekOfYear": 0
            }
        },
        {
            "type": "Microsoft.Sql/servers/databases/backupShortTermRetentionPolicies",
            "apiVersion": "2023-02-01-preview",
            "name": "[concat(parameters('servers_sqlserver_capstone_name'), '/SqlDb-capstone/default')]",
            "dependsOn": [
                "[resourceId('Microsoft.Sql/servers/databases', parameters('servers_sqlserver_capstone_name'), 'SqlDb-capstone')]",
                "[resourceId('Microsoft.Sql/servers', parameters('servers_sqlserver_capstone_name'))]"
            ],
            "properties": {
                "retentionDays": 7,
                "diffBackupIntervalInHours": 24
            }
        },
        {
            "type": "Microsoft.Sql/servers/databases/extendedAuditingSettings",
            "apiVersion": "2023-02-01-preview",
            "name": "[concat(parameters('servers_sqlserver_capstone_name'), '/SqlDb-capstone/Default')]",
            "dependsOn": [
                "[resourceId('Microsoft.Sql/servers/databases', parameters('servers_sqlserver_capstone_name'), 'SqlDb-capstone')]",
                "[resourceId('Microsoft.Sql/servers', parameters('servers_sqlserver_capstone_name'))]"
            ],
            "properties": {
                "retentionDays": 0,
                "isAzureMonitorTargetEnabled": false,
                "state": "Disabled",
                "storageAccountSubscriptionId": "00000000-0000-0000-0000-000000000000"
            }
        },
        {
            "type": "Microsoft.Sql/servers/databases/geoBackupPolicies",
            "apiVersion": "2023-02-01-preview",
            "name": "[concat(parameters('servers_sqlserver_capstone_name'), '/SqlDb-capstone/Default')]",
            "dependsOn": [
                "[resourceId('Microsoft.Sql/servers/databases', parameters('servers_sqlserver_capstone_name'), 'SqlDb-capstone')]",
                "[resourceId('Microsoft.Sql/servers', parameters('servers_sqlserver_capstone_name'))]"
            ],
            "properties": {
                "state": "Disabled"
            }
        },
        {
            "type": "Microsoft.Sql/servers/databases/ledgerDigestUploads",
            "apiVersion": "2023-02-01-preview",
            "name": "[concat(parameters('servers_sqlserver_capstone_name'), '/SqlDb-capstone/Current')]",
            "dependsOn": [
                "[resourceId('Microsoft.Sql/servers/databases', parameters('servers_sqlserver_capstone_name'), 'SqlDb-capstone')]",
                "[resourceId('Microsoft.Sql/servers', parameters('servers_sqlserver_capstone_name'))]"
            ],
            "properties": {}
        },
        {
            "type": "Microsoft.Sql/servers/databases/securityAlertPolicies",
            "apiVersion": "2023-02-01-preview",
            "name": "[concat(parameters('servers_sqlserver_capstone_name'), '/SqlDb-capstone/Default')]",
            "dependsOn": [
                "[resourceId('Microsoft.Sql/servers/databases', parameters('servers_sqlserver_capstone_name'), 'SqlDb-capstone')]",
                "[resourceId('Microsoft.Sql/servers', parameters('servers_sqlserver_capstone_name'))]"
            ],
            "properties": {
                "state": "Disabled",
                "disabledAlerts": [
                    ""
                ],
                "emailAddresses": [
                    ""
                ],
                "emailAccountAdmins": false,
                "retentionDays": 0
            }
        },
        {
            "type": "Microsoft.Sql/servers/databases/transparentDataEncryption",
            "apiVersion": "2023-02-01-preview",
            "name": "[concat(parameters('servers_sqlserver_capstone_name'), '/SqlDb-capstone/Current')]",
            "dependsOn": [
                "[resourceId('Microsoft.Sql/servers/databases', parameters('servers_sqlserver_capstone_name'), 'SqlDb-capstone')]",
                "[resourceId('Microsoft.Sql/servers', parameters('servers_sqlserver_capstone_name'))]"
            ],
            "properties": {
                "state": "Enabled"
            }
        },
        {
            "type": "Microsoft.Sql/servers/databases/vulnerabilityAssessments",
            "apiVersion": "2023-02-01-preview",
            "name": "[concat(parameters('servers_sqlserver_capstone_name'), '/SqlDb-capstone/Default')]",
            "dependsOn": [
                "[resourceId('Microsoft.Sql/servers/databases', parameters('servers_sqlserver_capstone_name'), 'SqlDb-capstone')]",
                "[resourceId('Microsoft.Sql/servers', parameters('servers_sqlserver_capstone_name'))]"
            ],
            "properties": {
                "recurringScans": {
                    "isEnabled": false,
                    "emailSubscriptionAdmins": true,
                    "emails": []
                }
            }
        },
        {
            "type": "Microsoft.Storage/storageAccounts/blobServices/containers",
            "apiVersion": "2023-01-01",
            "name": "[concat(parameters('storageAccounts_chaitanyacapastonelake_name'), '/default/copyactivity-logs')]",
            "dependsOn": [
                "[resourceId('Microsoft.Storage/storageAccounts/blobServices', parameters('storageAccounts_chaitanyacapastonelake_name'), 'default')]",
                "[resourceId('Microsoft.Storage/storageAccounts', parameters('storageAccounts_chaitanyacapastonelake_name'))]"
            ],
            "properties": {
                "immutableStorageWithVersioning": {
                    "enabled": false
                },
                "defaultEncryptionScope": "$account-encryption-key",
                "denyEncryptionScopeOverride": false,
                "publicAccess": "None"
            }
        },
        {
            "type": "Microsoft.Storage/storageAccounts/blobServices/containers",
            "apiVersion": "2023-01-01",
            "name": "[concat(parameters('storageAccounts_chaitanyacapstoneblob_name'), '/default/raw')]",
            "dependsOn": [
                "[resourceId('Microsoft.Storage/storageAccounts/blobServices', parameters('storageAccounts_chaitanyacapstoneblob_name'), 'default')]",
                "[resourceId('Microsoft.Storage/storageAccounts', parameters('storageAccounts_chaitanyacapstoneblob_name'))]"
            ],
            "properties": {
                "immutableStorageWithVersioning": {
                    "enabled": false
                },
                "defaultEncryptionScope": "$account-encryption-key",
                "denyEncryptionScopeOverride": false,
                "publicAccess": "None"
            }
        },
        {
            "type": "Microsoft.Storage/storageAccounts/blobServices/containers",
            "apiVersion": "2023-01-01",
            "name": "[concat(parameters('storageAccounts_chaitanyacapstoneblob_name'), '/default/rdata')]",
            "dependsOn": [
                "[resourceId('Microsoft.Storage/storageAccounts/blobServices', parameters('storageAccounts_chaitanyacapstoneblob_name'), 'default')]",
                "[resourceId('Microsoft.Storage/storageAccounts', parameters('storageAccounts_chaitanyacapstoneblob_name'))]"
            ],
            "properties": {
                "immutableStorageWithVersioning": {
                    "enabled": false
                },
                "defaultEncryptionScope": "$account-encryption-key",
                "denyEncryptionScopeOverride": false,
                "publicAccess": "None"
            }
        },
        {
            "type": "Microsoft.Storage/storageAccounts/blobServices/containers",
            "apiVersion": "2023-01-01",
            "name": "[concat(parameters('storageAccounts_chaitanyacapastonelake_name'), '/default/refined')]",
            "dependsOn": [
                "[resourceId('Microsoft.Storage/storageAccounts/blobServices', parameters('storageAccounts_chaitanyacapastonelake_name'), 'default')]",
                "[resourceId('Microsoft.Storage/storageAccounts', parameters('storageAccounts_chaitanyacapastonelake_name'))]"
            ],
            "properties": {
                "immutableStorageWithVersioning": {
                    "enabled": false
                },
                "defaultEncryptionScope": "$account-encryption-key",
                "denyEncryptionScopeOverride": false,
                "publicAccess": "None"
            }
        },
        {
            "type": "Microsoft.Storage/storageAccounts/blobServices/containers",
            "apiVersion": "2023-01-01",
            "name": "[concat(parameters('storageAccounts_chaitanyacapastonelake_name'), '/default/refined1')]",
            "dependsOn": [
                "[resourceId('Microsoft.Storage/storageAccounts/blobServices', parameters('storageAccounts_chaitanyacapastonelake_name'), 'default')]",
                "[resourceId('Microsoft.Storage/storageAccounts', parameters('storageAccounts_chaitanyacapastonelake_name'))]"
            ],
            "properties": {
                "immutableStorageWithVersioning": {
                    "enabled": false
                },
                "defaultEncryptionScope": "$account-encryption-key",
                "denyEncryptionScopeOverride": false,
                "publicAccess": "None"
            }
        },
        {
            "type": "Microsoft.Storage/storageAccounts/blobServices/containers",
            "apiVersion": "2023-01-01",
            "name": "[concat(parameters('storageAccounts_chaitanyacapastonelake_name'), '/default/refined2')]",
            "dependsOn": [
                "[resourceId('Microsoft.Storage/storageAccounts/blobServices', parameters('storageAccounts_chaitanyacapastonelake_name'), 'default')]",
                "[resourceId('Microsoft.Storage/storageAccounts', parameters('storageAccounts_chaitanyacapastonelake_name'))]"
            ],
            "properties": {
                "immutableStorageWithVersioning": {
                    "enabled": false
                },
                "defaultEncryptionScope": "$account-encryption-key",
                "denyEncryptionScopeOverride": false,
                "publicAccess": "None"
            }
        }
    ]
}