{
    "$schema": "http://schema.management.azure.com/schemas/2015-01-01/deploymentTemplate.json#",
    "contentVersion": "1.0.0.0",
    "parameters": {
        "factoryName": {
            "type": "string",
            "metadata": "Data Factory name",
            "defaultValue": "ADF-capstone-chaitanya"
        },
        "LS_incrementalData_dataSource_connectionString": {
            "type": "secureString",
            "metadata": "Secure string for 'connectionString' of 'LS_incrementalData_dataSource'"
        },
        "LS_datalake_target_incremental_accountKey": {
            "type": "secureString",
            "metadata": "Secure string for 'accountKey' of 'LS_datalake_target_incremental'"
        },
        "LS_capstone_blob_connectionString": {
            "type": "secureString",
            "metadata": "Secure string for 'connectionString' of 'LS_capstone_blob'",
            "defaultValue": "DefaultEndpointsProtocol=https;AccountName=chaitanyacapstoneblob;"
        },
        "LS_kv_capstone_properties_typeProperties_baseUrl": {
            "type": "string",
            "defaultValue": "https://kv-adfadb.vault.azure.net/"
        },
        "LS_datalake_target_incremental_properties_typeProperties_url": {
            "type": "string",
            "defaultValue": "https://chaitanyacapastonelake.dfs.core.windows.net/"
        },
        "LS_capstone_adb_properties_typeProperties_existingClusterId": {
            "type": "string",
            "defaultValue": "0911-111107-3sfo6f83"
        },
        "LS_capstone_datalake_properties_typeProperties_url": {
            "type": "string",
            "defaultValue": "https://chaitanyacapastonelake.dfs.core.windows.net/"
        }
    },
    "variables": {
        "factoryId": "[concat('Microsoft.DataFactory/factories/', parameters('factoryName'))]"
    },
    "resources": [
        {
            "name": "[concat(parameters('factoryName'), '/LS_kv_capstone')]",
            "type": "Microsoft.DataFactory/factories/linkedServices",
            "apiVersion": "2018-06-01",
            "properties": {
                "annotations": [],
                "type": "AzureKeyVault",
                "typeProperties": {
                    "baseUrl": "[parameters('LS_kv_capstone_properties_typeProperties_baseUrl')]"
                }
            },
            "dependsOn": []
        },
        {
            "name": "[concat(parameters('factoryName'), '/LS_incrementalData_dataSource')]",
            "type": "Microsoft.DataFactory/factories/linkedServices",
            "apiVersion": "2018-06-01",
            "properties": {
                "annotations": [],
                "type": "AzureSqlDatabase",
                "typeProperties": {
                    "connectionString": "[parameters('LS_incrementalData_dataSource_connectionString')]"
                }
            },
            "dependsOn": []
        },
        {
            "name": "[concat(parameters('factoryName'), '/LS_datalake_target_incremental')]",
            "type": "Microsoft.DataFactory/factories/linkedServices",
            "apiVersion": "2018-06-01",
            "properties": {
                "annotations": [],
                "type": "AzureBlobFS",
                "typeProperties": {
                    "url": "[parameters('LS_datalake_target_incremental_properties_typeProperties_url')]",
                    "accountKey": {
                        "type": "SecureString",
                        "value": "[parameters('LS_datalake_target_incremental_accountKey')]"
                    }
                }
            },
            "dependsOn": []
        },
        {
            "name": "[concat(parameters('factoryName'), '/LS_capstone_adb')]",
            "type": "Microsoft.DataFactory/factories/linkedServices",
            "apiVersion": "2018-06-01",
            "properties": {
                "annotations": [],
                "type": "AzureDatabricks",
                "typeProperties": {
                    "domain": "https://adb-1712330038056218.18.azuredatabricks.net",
                    "accessToken": {
                        "type": "AzureKeyVaultSecret",
                        "store": {
                            "referenceName": "LS_kv_capstone",
                            "type": "LinkedServiceReference"
                        },
                        "secretName": "capstone-adb-adf",
                        "secretVersion": "b338b9c0fe0c47e886cf289ddf6a98d3"
                    },
                    "existingClusterId": "[parameters('LS_capstone_adb_properties_typeProperties_existingClusterId')]"
                }
            },
            "dependsOn": [
                "[concat(variables('factoryId'), '/linkedServices/LS_kv_capstone')]"
            ]
        },
        {
            "name": "[concat(parameters('factoryName'), '/LS_capstone_datalake')]",
            "type": "Microsoft.DataFactory/factories/linkedServices",
            "apiVersion": "2018-06-01",
            "properties": {
                "annotations": [],
                "type": "AzureBlobFS",
                "typeProperties": {
                    "url": "[parameters('LS_capstone_datalake_properties_typeProperties_url')]",
                    "accountKey": {
                        "type": "AzureKeyVaultSecret",
                        "store": {
                            "referenceName": "LS_kv_capstone",
                            "type": "LinkedServiceReference"
                        },
                        "secretName": "capstone-datalake",
                        "secretVersion": "7111994b2c4b4080b6ddacec00a1ab75"
                    }
                }
            },
            "dependsOn": [
                "[concat(variables('factoryId'), '/linkedServices/LS_kv_capstone')]"
            ]
        },
        {
            "name": "[concat(parameters('factoryName'), '/LS_capstone_blob')]",
            "type": "Microsoft.DataFactory/factories/linkedServices",
            "apiVersion": "2018-06-01",
            "properties": {
                "annotations": [],
                "type": "AzureBlobStorage",
                "typeProperties": {
                    "connectionString": "[parameters('LS_capstone_blob_connectionString')]",
                    "accountKey": {
                        "type": "AzureKeyVaultSecret",
                        "store": {
                            "referenceName": "LS_kv_capstone",
                            "type": "LinkedServiceReference"
                        },
                        "secretName": "capstone-blob",
                        "secretVersion": "1cffb1b2cd0a4d24b53e2fd80b20bd62"
                    }
                }
            },
            "dependsOn": [
                "[concat(variables('factoryId'), '/linkedServices/LS_kv_capstone')]"
            ]
        },
        {
            "name": "[concat(parameters('factoryName'), '/DS_sourceTable_incremental')]",
            "type": "Microsoft.DataFactory/factories/datasets",
            "apiVersion": "2018-06-01",
            "properties": {
                "linkedServiceName": {
                    "referenceName": "LS_incrementalData_dataSource",
                    "type": "LinkedServiceReference"
                },
                "annotations": [],
                "type": "AzureSqlTable",
                "schema": [
                    {
                        "name": "PersonID",
                        "type": "int",
                        "precision": 10
                    },
                    {
                        "name": "Name",
                        "type": "varchar"
                    },
                    {
                        "name": "LastModifytime",
                        "type": "datetime",
                        "precision": 23,
                        "scale": 3
                    }
                ],
                "typeProperties": {
                    "schema": "dbo",
                    "table": "data_source_table"
                }
            },
            "dependsOn": [
                "[concat(variables('factoryId'), '/linkedServices/LS_incrementalData_dataSource')]"
            ]
        },
        {
            "name": "[concat(parameters('factoryName'), '/DS_watermarkTable_incremental')]",
            "type": "Microsoft.DataFactory/factories/datasets",
            "apiVersion": "2018-06-01",
            "properties": {
                "linkedServiceName": {
                    "referenceName": "LS_incrementalData_dataSource",
                    "type": "LinkedServiceReference"
                },
                "annotations": [],
                "type": "AzureSqlTable",
                "schema": [
                    {
                        "name": "TableName",
                        "type": "varchar"
                    },
                    {
                        "name": "WatermarkValue",
                        "type": "datetime",
                        "precision": 23,
                        "scale": 3
                    }
                ],
                "typeProperties": {
                    "schema": "dbo",
                    "table": "watermarktable"
                }
            },
            "dependsOn": [
                "[concat(variables('factoryId'), '/linkedServices/LS_incrementalData_dataSource')]"
            ]
        },
        {
            "name": "[concat(parameters('factoryName'), '/DS_incremental_datalake')]",
            "type": "Microsoft.DataFactory/factories/datasets",
            "apiVersion": "2018-06-01",
            "properties": {
                "linkedServiceName": {
                    "referenceName": "LS_datalake_target_incremental",
                    "type": "LinkedServiceReference"
                },
                "annotations": [],
                "type": "DelimitedText",
                "typeProperties": {
                    "location": {
                        "type": "AzureBlobFSLocation",
                        "fileSystem": "refined2"
                    },
                    "columnDelimiter": ",",
                    "escapeChar": "\\",
                    "firstRowAsHeader": true,
                    "quoteChar": "\""
                },
                "schema": []
            },
            "dependsOn": [
                "[concat(variables('factoryId'), '/linkedServices/LS_datalake_target_incremental')]"
            ]
        },
        {
            "name": "[concat(parameters('factoryName'), '/DS_capstone_datalake')]",
            "type": "Microsoft.DataFactory/factories/datasets",
            "apiVersion": "2018-06-01",
            "properties": {
                "linkedServiceName": {
                    "referenceName": "LS_capstone_datalake",
                    "type": "LinkedServiceReference"
                },
                "annotations": [],
                "type": "Parquet",
                "typeProperties": {
                    "location": {
                        "type": "AzureBlobFSLocation",
                        "fileSystem": "refined"
                    },
                    "compressionCodec": "snappy"
                },
                "schema": []
            },
            "dependsOn": [
                "[concat(variables('factoryId'), '/linkedServices/LS_capstone_datalake')]"
            ]
        },
        {
            "name": "[concat(parameters('factoryName'), '/DS_dynamicFile_blob')]",
            "type": "Microsoft.DataFactory/factories/datasets",
            "apiVersion": "2018-06-01",
            "properties": {
                "linkedServiceName": {
                    "referenceName": "LS_capstone_blob",
                    "type": "LinkedServiceReference"
                },
                "parameters": {
                    "FileName": {
                        "type": "string"
                    }
                },
                "annotations": [],
                "type": "DelimitedText",
                "typeProperties": {
                    "location": {
                        "type": "AzureBlobStorageLocation",
                        "fileName": {
                            "value": "@dataset().FileName",
                            "type": "Expression"
                        },
                        "container": "raw"
                    },
                    "columnDelimiter": ",",
                    "escapeChar": "\\",
                    "firstRowAsHeader": true,
                    "quoteChar": "\""
                },
                "schema": [
                    {
                        "name": "country",
                        "type": "String"
                    },
                    {
                        "name": "indicator",
                        "type": "String"
                    },
                    {
                        "name": "date",
                        "type": "String"
                    },
                    {
                        "name": "year_week",
                        "type": "String"
                    },
                    {
                        "name": "value",
                        "type": "String"
                    },
                    {
                        "name": "source",
                        "type": "String"
                    },
                    {
                        "name": "url",
                        "type": "String"
                    }
                ]
            },
            "dependsOn": [
                "[concat(variables('factoryId'), '/linkedServices/LS_capstone_blob')]"
            ]
        },
        {
            "name": "[concat(parameters('factoryName'), '/DS_capstone_blob_getmatadata1')]",
            "type": "Microsoft.DataFactory/factories/datasets",
            "apiVersion": "2018-06-01",
            "properties": {
                "linkedServiceName": {
                    "referenceName": "LS_capstone_blob",
                    "type": "LinkedServiceReference"
                },
                "annotations": [],
                "type": "DelimitedText",
                "typeProperties": {
                    "location": {
                        "type": "AzureBlobStorageLocation",
                        "container": "raw"
                    },
                    "columnDelimiter": ",",
                    "escapeChar": "\\",
                    "firstRowAsHeader": true,
                    "quoteChar": "\""
                },
                "schema": [
                    {
                        "name": "country",
                        "type": "String"
                    },
                    {
                        "name": "indicator",
                        "type": "String"
                    },
                    {
                        "name": "date",
                        "type": "String"
                    },
                    {
                        "name": "year_week",
                        "type": "String"
                    },
                    {
                        "name": "value",
                        "type": "String"
                    },
                    {
                        "name": "source",
                        "type": "String"
                    },
                    {
                        "name": "url",
                        "type": "String"
                    }
                ]
            },
            "dependsOn": [
                "[concat(variables('factoryId'), '/linkedServices/LS_capstone_blob')]"
            ]
        },
        {
            "name": "[concat(parameters('factoryName'), '/PL_incremental')]",
            "type": "Microsoft.DataFactory/factories/pipelines",
            "apiVersion": "2018-06-01",
            "properties": {
                "activities": [
                    {
                        "name": "Lookup_sourceTable",
                        "type": "Lookup",
                        "dependsOn": [],
                        "policy": {
                            "timeout": "0.12:00:00",
                            "retry": 0,
                            "retryIntervalInSeconds": 30,
                            "secureOutput": false,
                            "secureInput": false
                        },
                        "userProperties": [],
                        "typeProperties": {
                            "source": {
                                "type": "AzureSqlSource",
                                "sqlReaderQuery": {
                                    "value": "select MAX(LastModifytime) as NewWatermarkvalue from data_source_table",
                                    "type": "Expression"
                                },
                                "queryTimeout": "02:00:00",
                                "partitionOption": "None"
                            },
                            "dataset": {
                                "referenceName": "DS_sourceTable_incremental",
                                "type": "DatasetReference",
                                "parameters": {}
                            }
                        }
                    },
                    {
                        "name": "Lookup_watermark",
                        "type": "Lookup",
                        "dependsOn": [],
                        "policy": {
                            "timeout": "0.12:00:00",
                            "retry": 0,
                            "retryIntervalInSeconds": 30,
                            "secureOutput": false,
                            "secureInput": false
                        },
                        "userProperties": [],
                        "typeProperties": {
                            "source": {
                                "type": "AzureSqlSource",
                                "queryTimeout": "02:00:00",
                                "partitionOption": "None"
                            },
                            "dataset": {
                                "referenceName": "DS_watermarkTable_incremental",
                                "type": "DatasetReference",
                                "parameters": {}
                            }
                        }
                    },
                    {
                        "name": "Copy_sqldb_datalake",
                        "type": "Copy",
                        "dependsOn": [
                            {
                                "activity": "Lookup_sourceTable",
                                "dependencyConditions": [
                                    "Succeeded"
                                ]
                            },
                            {
                                "activity": "Lookup_watermark",
                                "dependencyConditions": [
                                    "Succeeded"
                                ]
                            }
                        ],
                        "policy": {
                            "timeout": "0.12:00:00",
                            "retry": 0,
                            "retryIntervalInSeconds": 30,
                            "secureOutput": false,
                            "secureInput": false
                        },
                        "userProperties": [],
                        "typeProperties": {
                            "source": {
                                "type": "AzureSqlSource",
                                "sqlReaderQuery": {
                                    "value": "select * from data_source_table where LastModifytime > '@{activity('Lookup_watermark').output.firstRow.WatermarkValue}' and LastModifytime <= '@{activity('Lookup_sourceTable').output.firstRow.NewWatermarkvalue}'",
                                    "type": "Expression"
                                },
                                "queryTimeout": "02:00:00",
                                "partitionOption": "None"
                            },
                            "sink": {
                                "type": "DelimitedTextSink",
                                "storeSettings": {
                                    "type": "AzureBlobFSWriteSettings"
                                },
                                "formatSettings": {
                                    "type": "DelimitedTextWriteSettings",
                                    "quoteAllText": true,
                                    "fileExtension": ".txt"
                                }
                            },
                            "enableStaging": false,
                            "translator": {
                                "type": "TabularTranslator",
                                "typeConversion": true,
                                "typeConversionSettings": {
                                    "allowDataTruncation": true,
                                    "treatBooleanAsNumber": false
                                }
                            }
                        },
                        "inputs": [
                            {
                                "referenceName": "DS_sourceTable_incremental",
                                "type": "DatasetReference",
                                "parameters": {}
                            }
                        ],
                        "outputs": [
                            {
                                "referenceName": "DS_incremental_datalake",
                                "type": "DatasetReference",
                                "parameters": {}
                            }
                        ]
                    },
                    {
                        "name": "Stored procedure_incrementalDaataload",
                        "type": "SqlServerStoredProcedure",
                        "dependsOn": [
                            {
                                "activity": "Copy_sqldb_datalake",
                                "dependencyConditions": [
                                    "Succeeded"
                                ]
                            }
                        ],
                        "policy": {
                            "timeout": "0.12:00:00",
                            "retry": 0,
                            "retryIntervalInSeconds": 30,
                            "secureOutput": false,
                            "secureInput": false
                        },
                        "userProperties": [],
                        "typeProperties": {
                            "storedProcedureName": "[[dbo].[usp_write_watermark]",
                            "storedProcedureParameters": {
                                "LastModifiedtime": {
                                    "value": {
                                        "value": "@{activity('Lookup_sourceTable').output.firstRow.NewWatermarkvalue}",
                                        "type": "Expression"
                                    },
                                    "type": "DateTime"
                                },
                                "TableName": {
                                    "value": {
                                        "value": "@{activity('Lookup_watermark').output.firstRow.TableName}",
                                        "type": "Expression"
                                    },
                                    "type": "String"
                                }
                            }
                        },
                        "linkedServiceName": {
                            "referenceName": "LS_incrementalData_dataSource",
                            "type": "LinkedServiceReference"
                        }
                    }
                ],
                "policy": {
                    "elapsedTimeMetric": {},
                    "cancelAfter": {}
                },
                "annotations": []
            },
            "dependsOn": [
                "[concat(variables('factoryId'), '/datasets/DS_sourceTable_incremental')]",
                "[concat(variables('factoryId'), '/datasets/DS_watermarkTable_incremental')]",
                "[concat(variables('factoryId'), '/datasets/DS_incremental_datalake')]",
                "[concat(variables('factoryId'), '/linkedServices/LS_incrementalData_dataSource')]"
            ]
        },
        {
            "name": "[concat(parameters('factoryName'), '/PL_capstone_final')]",
            "type": "Microsoft.DataFactory/factories/pipelines",
            "apiVersion": "2018-06-01",
            "properties": {
                "activities": [
                    {
                        "name": "Get Metadata_1",
                        "description": "fetch from blob storage",
                        "type": "GetMetadata",
                        "dependsOn": [],
                        "policy": {
                            "timeout": "0.12:00:00",
                            "retry": 0,
                            "retryIntervalInSeconds": 30,
                            "secureOutput": false,
                            "secureInput": false
                        },
                        "userProperties": [],
                        "typeProperties": {
                            "dataset": {
                                "referenceName": "DS_capstone_blob_getmatadata1",
                                "type": "DatasetReference",
                                "parameters": {}
                            },
                            "fieldList": [
                                "childItems"
                            ],
                            "storeSettings": {
                                "type": "AzureBlobStorageReadSettings",
                                "recursive": true,
                                "enablePartitionDiscovery": false
                            },
                            "formatSettings": {
                                "type": "DelimitedTextReadSettings"
                            }
                        }
                    },
                    {
                        "name": "ForEach_1",
                        "description": "iterate through source items.",
                        "type": "ForEach",
                        "dependsOn": [
                            {
                                "activity": "Get Metadata_1",
                                "dependencyConditions": [
                                    "Succeeded"
                                ]
                            }
                        ],
                        "userProperties": [],
                        "typeProperties": {
                            "items": {
                                "value": "@activity('Get Metadata_1').output.childItems",
                                "type": "Expression"
                            },
                            "isSequential": true,
                            "activities": [
                                {
                                    "name": "Get Metadata2",
                                    "description": "to validate and feed size further.",
                                    "type": "GetMetadata",
                                    "dependsOn": [
                                        {
                                            "activity": "Set variable1",
                                            "dependencyConditions": [
                                                "Succeeded"
                                            ]
                                        }
                                    ],
                                    "policy": {
                                        "timeout": "0.12:00:00",
                                        "retry": 0,
                                        "retryIntervalInSeconds": 30,
                                        "secureOutput": false,
                                        "secureInput": false
                                    },
                                    "userProperties": [],
                                    "typeProperties": {
                                        "dataset": {
                                            "referenceName": "DS_dynamicFile_blob",
                                            "type": "DatasetReference",
                                            "parameters": {
                                                "FileName": {
                                                    "value": "@variables('FileNameVar')",
                                                    "type": "Expression"
                                                }
                                            }
                                        },
                                        "fieldList": [
                                            "size"
                                        ],
                                        "storeSettings": {
                                            "type": "AzureBlobStorageReadSettings",
                                            "recursive": true,
                                            "enablePartitionDiscovery": false
                                        },
                                        "formatSettings": {
                                            "type": "DelimitedTextReadSettings"
                                        }
                                    }
                                },
                                {
                                    "name": "Set variable1",
                                    "description": "to store the name of the files ",
                                    "type": "SetVariable",
                                    "dependsOn": [],
                                    "policy": {
                                        "secureOutput": false,
                                        "secureInput": false
                                    },
                                    "userProperties": [],
                                    "typeProperties": {
                                        "variableName": "FileNameVar",
                                        "value": {
                                            "value": "@item().name",
                                            "type": "Expression"
                                        }
                                    }
                                },
                                {
                                    "name": "If Condition1",
                                    "description": "to check whether the file size is greater than 20B or not.",
                                    "type": "IfCondition",
                                    "dependsOn": [
                                        {
                                            "activity": "Get Metadata2",
                                            "dependencyConditions": [
                                                "Succeeded"
                                            ]
                                        }
                                    ],
                                    "userProperties": [],
                                    "typeProperties": {
                                        "expression": {
                                            "value": "@greaterOrEquals(activity('Get Metadata2').output.size,21)",
                                            "type": "Expression"
                                        },
                                        "ifTrueActivities": [
                                            {
                                                "name": "Copy data1",
                                                "description": "copy data from blob to ADLS in parquet.",
                                                "type": "Copy",
                                                "dependsOn": [],
                                                "policy": {
                                                    "timeout": "0.00:02:10",
                                                    "retry": 0,
                                                    "retryIntervalInSeconds": 30,
                                                    "secureOutput": false,
                                                    "secureInput": false
                                                },
                                                "userProperties": [],
                                                "typeProperties": {
                                                    "source": {
                                                        "type": "DelimitedTextSource",
                                                        "storeSettings": {
                                                            "type": "AzureBlobStorageReadSettings",
                                                            "recursive": true,
                                                            "enablePartitionDiscovery": false
                                                        },
                                                        "formatSettings": {
                                                            "type": "DelimitedTextReadSettings"
                                                        }
                                                    },
                                                    "sink": {
                                                        "type": "ParquetSink",
                                                        "storeSettings": {
                                                            "type": "AzureBlobFSWriteSettings"
                                                        },
                                                        "formatSettings": {
                                                            "type": "ParquetWriteSettings"
                                                        }
                                                    },
                                                    "enableStaging": false,
                                                    "validateDataConsistency": true,
                                                    "logSettings": {
                                                        "enableCopyActivityLog": true,
                                                        "copyActivityLogSettings": {
                                                            "logLevel": "Warning",
                                                            "enableReliableLogging": false
                                                        },
                                                        "logLocationSettings": {
                                                            "linkedServiceName": {
                                                                "referenceName": "LS_capstone_datalake",
                                                                "type": "LinkedServiceReference"
                                                            }
                                                        }
                                                    },
                                                    "translator": {
                                                        "type": "TabularTranslator",
                                                        "typeConversion": true,
                                                        "typeConversionSettings": {
                                                            "allowDataTruncation": true,
                                                            "treatBooleanAsNumber": false
                                                        }
                                                    }
                                                },
                                                "inputs": [
                                                    {
                                                        "referenceName": "DS_dynamicFile_blob",
                                                        "type": "DatasetReference",
                                                        "parameters": {
                                                            "FileName": {
                                                                "value": "@variables('FileNameVar')",
                                                                "type": "Expression"
                                                            }
                                                        }
                                                    }
                                                ],
                                                "outputs": [
                                                    {
                                                        "referenceName": "DS_capstone_datalake",
                                                        "type": "DatasetReference",
                                                        "parameters": {}
                                                    }
                                                ]
                                            },
                                            {
                                                "name": "on_Failure_mail3",
                                                "type": "WebActivity",
                                                "dependsOn": [
                                                    {
                                                        "activity": "Copy data1",
                                                        "dependencyConditions": [
                                                            "Failed"
                                                        ]
                                                    }
                                                ],
                                                "policy": {
                                                    "timeout": "0.12:00:00",
                                                    "retry": 0,
                                                    "retryIntervalInSeconds": 30,
                                                    "secureOutput": false,
                                                    "secureInput": false
                                                },
                                                "userProperties": [],
                                                "typeProperties": {
                                                    "url": "https://prod-01.westus2.logic.azure.com:443/workflows/6feaa0018b7d414b9d8f448601f19a02/triggers/manual/paths/invoke?api-version=2016-10-01&sp=%2Ftriggers%2Fmanual%2Frun&sv=1.0&sig=XICCKyehg1mamcOit_ycyIxYUk9083THE_FBIVfmi6I",
                                                    "method": "POST",
                                                    "headers": {},
                                                    "body": {
                                                        "value": "{\n    \"message\" : \"Pipeline with run ID @{pipeline().RunId} is failed after copy activity.\",\n    \"dataFactoryName\" : \"@{pipeline().DataFactory}\", \n    \"pipelineName\" : \"@{pipeline().Pipeline}\", \n    \"receiver\" : \"@{pipeline().parameters.receiver}\"\n}",
                                                        "type": "Expression"
                                                    }
                                                }
                                            }
                                        ]
                                    }
                                }
                            ]
                        }
                    },
                    {
                        "name": "Notebook1",
                        "description": "direct ADB notebook to run the codes.",
                        "type": "DatabricksNotebook",
                        "dependsOn": [
                            {
                                "activity": "ForEach_1",
                                "dependencyConditions": [
                                    "Succeeded"
                                ]
                            }
                        ],
                        "policy": {
                            "timeout": "0.12:00:00",
                            "retry": 0,
                            "retryIntervalInSeconds": 30,
                            "secureOutput": false,
                            "secureInput": false
                        },
                        "userProperties": [],
                        "typeProperties": {
                            "notebookPath": "/Users/kumar.chaitanya@nihilent.com/Capstone_project1"
                        },
                        "linkedServiceName": {
                            "referenceName": "LS_capstone_adb",
                            "type": "LinkedServiceReference"
                        }
                    }
                ],
                "policy": {
                    "elapsedTimeMetric": {},
                    "cancelAfter": {}
                },
                "parameters": {
                    "receiver": {
                        "type": "string",
                        "defaultValue": "kcjha67728@gmail.com"
                    }
                },
                "variables": {
                    "FileName": {
                        "type": "String"
                    },
                    "FileNameVar": {
                        "type": "String"
                    }
                },
                "annotations": [],
                "lastPublishTime": "2023-09-13T06:13:36Z"
            },
            "dependsOn": [
                "[concat(variables('factoryId'), '/datasets/DS_capstone_blob_getmatadata1')]",
                "[concat(variables('factoryId'), '/linkedServices/LS_capstone_adb')]",
                "[concat(variables('factoryId'), '/datasets/DS_dynamicFile_blob')]",
                "[concat(variables('factoryId'), '/datasets/DS_capstone_datalake')]",
                "[concat(variables('factoryId'), '/linkedServices/LS_capstone_datalake')]"
            ]
        },
        {
            "name": "[concat(parameters('factoryName'), '/pipeline_nesting')]",
            "type": "Microsoft.DataFactory/factories/pipelines",
            "apiVersion": "2018-06-01",
            "properties": {
                "activities": [
                    {
                        "name": "Execute Pipeline1",
                        "type": "ExecutePipeline",
                        "dependsOn": [],
                        "userProperties": [],
                        "typeProperties": {
                            "pipeline": {
                                "referenceName": "PL_capstone_final",
                                "type": "PipelineReference"
                            },
                            "waitOnCompletion": true,
                            "parameters": {}
                        }
                    },
                    {
                        "name": "on_Success_email",
                        "type": "WebActivity",
                        "dependsOn": [
                            {
                                "activity": "Execute Pipeline1",
                                "dependencyConditions": [
                                    "Succeeded"
                                ]
                            }
                        ],
                        "policy": {
                            "timeout": "0.12:00:00",
                            "retry": 0,
                            "retryIntervalInSeconds": 30,
                            "secureOutput": false,
                            "secureInput": false
                        },
                        "userProperties": [],
                        "typeProperties": {
                            "url": "https://prod-01.westus2.logic.azure.com:443/workflows/6feaa0018b7d414b9d8f448601f19a02/triggers/request/paths/invoke?api-version=2016-10-01&sp=%2Ftriggers%2Frequest%2Frun&sv=1.0&sig=Mn0fGr4f5rSz-DUBvpWWRgT8mowhPpskPit7Bjs0hRU",
                            "method": "POST",
                            "headers": {},
                            "body": {
                                "value": "{\n    \"message\" : \"Pipeline with run ID @{pipeline().RunId} is successfully executed.\",\n    \"dataFactoryName\" : \"@{pipeline().DataFactory}\", \n    \"pipelineName\" : \"@{pipeline().Pipeline}\", \n    \"receiver\" : \"@{pipeline().parameters.receiver}\"\n}",
                                "type": "Expression"
                            }
                        }
                    },
                    {
                        "name": "on_Failure_mail",
                        "type": "WebActivity",
                        "dependsOn": [
                            {
                                "activity": "Execute Pipeline1",
                                "dependencyConditions": [
                                    "Failed"
                                ]
                            }
                        ],
                        "policy": {
                            "timeout": "0.12:00:00",
                            "retry": 0,
                            "retryIntervalInSeconds": 30,
                            "secureOutput": false,
                            "secureInput": false
                        },
                        "userProperties": [],
                        "typeProperties": {
                            "url": "https://prod-01.westus2.logic.azure.com:443/workflows/6feaa0018b7d414b9d8f448601f19a02/triggers/manual/paths/invoke?api-version=2016-10-01&sp=%2Ftriggers%2Fmanual%2Frun&sv=1.0&sig=XICCKyehg1mamcOit_ycyIxYUk9083THE_FBIVfmi6I",
                            "method": "POST",
                            "headers": {},
                            "body": {
                                "value": "{\n    \"message\" : \"Pipeline with run ID @{pipeline().RunId} is failed after notebook.\",\n    \"dataFactoryName\" : \"@{pipeline().DataFactory}\", \n    \"pipelineName\" : \"@{pipeline().Pipeline}\", \n    \"receiver\" : \"@{pipeline().parameters.receiver}\"\n}",
                                "type": "Expression"
                            }
                        }
                    }
                ],
                "policy": {
                    "elapsedTimeMetric": {},
                    "cancelAfter": {}
                },
                "parameters": {
                    "Receiver": {
                        "type": "string",
                        "defaultValue": "kcjha67728@gmail.com"
                    }
                },
                "annotations": []
            },
            "dependsOn": [
                "[concat(variables('factoryId'), '/pipelines/PL_capstone_final')]"
            ]
        }
    ]
}