{
    "$schema": "http://schema.management.azure.com/schemas/2015-01-01/deploymentTemplate.json#",
    "contentVersion": "1.0.0.0",
    "parameters": {
        "factoryName": {
            "type": "string",
            "metadata": "Data Factory name",
            "defaultValue": "ADF-capstone-chaitanya"
        },
        "LS_capstone_blob_connectionString": {
            "type": "secureString",
            "metadata": "Secure string for 'connectionString' of 'LS_capstone_blob'",
            "defaultValue": "DefaultEndpointsProtocol=https;AccountName=chaitanyacapstoneblob;"
        },
        "LS_incrementalData_dataSource_connectionString": {
            "type": "secureString",
            "metadata": "Secure string for 'connectionString' of 'LS_incrementalData_dataSource'"
        },
        "LS_datalake_target_incremental_accountKey": {
            "type": "secureString",
            "metadata": "Secure string for 'accountKey' of 'LS_datalake_target_incremental'"
        },
        "LS_kv_capstone_properties_typeProperties_baseUrl": {
            "type": "string",
            "defaultValue": "https://kv-adfadb.vault.azure.net/"
        },
        "LS_capstone_adb_properties_typeProperties_existingClusterId": {
            "type": "string",
            "defaultValue": "0911-111107-3sfo6f83"
        },
        "LS_capstone_datalake_properties_typeProperties_url": {
            "type": "string",
            "defaultValue": "https://chaitanyacapastonelake.dfs.core.windows.net/"
        },
        "LS_datalake_target_incremental_properties_typeProperties_url": {
            "type": "string",
            "defaultValue": "https://chaitanyacapastonelake.dfs.core.windows.net/"
        },
        "containerUri": {
            "type": "string",
            "metadata": "URI to storage account containing linked ARM templates"
        },
        "containerSasToken": {
            "type": "string",
            "metadata": "Sas token to storage account containing linked ARM templates"
        }
    },
    "variables": {
        "factoryId": "[concat('Microsoft.DataFactory/factories/', parameters('factoryName'))]"
    },
    "resources": [
        {
            "name": "ADF-capstone-chaitanya_ArmTemplate_0",
            "type": "Microsoft.Resources/deployments",
            "apiVersion": "2018-02-01",
            "properties": {
                "mode": "incremental",
                "templateLink": {
                    "uri": "[concat(parameters('containerUri'), '/ArmTemplate_0.json', parameters('containerSasToken'))]",
                    "contentVersion": "1.0.0.0"
                },
                "parameters": {
                    "factoryName": {
                        "value": "[parameters('factoryName')]"
                    },
                    "LS_incrementalData_dataSource_connectionString": {
                        "value": "[parameters('LS_incrementalData_dataSource_connectionString')]"
                    },
                    "LS_datalake_target_incremental_accountKey": {
                        "value": "[parameters('LS_datalake_target_incremental_accountKey')]"
                    },
                    "LS_capstone_blob_connectionString": {
                        "value": "[parameters('LS_capstone_blob_connectionString')]"
                    },
                    "LS_kv_capstone_properties_typeProperties_baseUrl": {
                        "value": "[parameters('LS_kv_capstone_properties_typeProperties_baseUrl')]"
                    },
                    "LS_datalake_target_incremental_properties_typeProperties_url": {
                        "value": "[parameters('LS_datalake_target_incremental_properties_typeProperties_url')]"
                    },
                    "LS_capstone_adb_properties_typeProperties_existingClusterId": {
                        "value": "[parameters('LS_capstone_adb_properties_typeProperties_existingClusterId')]"
                    },
                    "LS_capstone_datalake_properties_typeProperties_url": {
                        "value": "[parameters('LS_capstone_datalake_properties_typeProperties_url')]"
                    }
                }
            },
            "dependsOn": []
        }
    ]
}